Rank,Title,Year,Rating,Genre,Runtime,URL,Director
1,The Shawshank Redemption,1994,9.3,"Epic, Period Drama, Prison Drama",2 hours 22 minutes,https://www.imdb.com/title/tt0111161/?ref_=chttp_i_1,Frank Darabont
2,The Godfather,1972,9.2,"Epic, Gangster, Tragedy",2 hours 55 minutes,https://www.imdb.com/title/tt0068646/?ref_=chttp_i_2,Francis Ford Coppola
3,The Dark Knight,2008,9.0,"Action Epic, Epic, Superhero",2 hours 32 minutes,https://www.imdb.com/title/tt0468569/?ref_=chttp_i_3,Christopher Nolan
4,The Godfather Part II,1974,9.0,"Epic, Gangster, Tragedy",3 hours 22 minutes,https://www.imdb.com/title/tt0071562/?ref_=chttp_i_4,Francis Ford Coppola
5,12 Angry Men,1957,9.0,"Legal Drama, Psychological Drama, Crime",1 hour 36 minutes,https://www.imdb.com/title/tt0050083/?ref_=chttp_i_5,Sidney Lumet
6,The Lord of the Rings: The Return of the King,2003,9.0,"Action Epic, Adventure Epic, Epic",3 hours 21 minutes,https://www.imdb.com/title/tt0167260/?ref_=chttp_i_6,Peter Jackson
7,Schindler's List,1993,9.0,"Docudrama, Epic, Historical Epic",3 hours 15 minutes,https://www.imdb.com/title/tt0108052/?ref_=chttp_i_7,Steven Spielberg
8,Pulp Fiction,1994,8.9,"Dark Comedy, Drug Crime, Gangster",2 hours 34 minutes,https://www.imdb.com/title/tt0110912/?ref_=chttp_i_8,Quentin Tarantino
9,The Lord of the Rings: The Fellowship of the Ring,2001,8.9,"Action Epic, Adventure Epic, Dark Fantasy",2 hours 58 minutes,https://www.imdb.com/title/tt0120737/?ref_=chttp_i_9,Peter Jackson
10,"The Good, the Bad and the Ugly",1966,8.8,"Adventure Epic, Dark Comedy, Desert Adventure",2 hours 58 minutes,https://www.imdb.com/title/tt0060196/?ref_=chttp_i_10,Sergio Leone
11,Forrest Gump,1994,8.8,"Epic, Drama, Romance",2 hours 22 minutes,https://www.imdb.com/title/tt0109830/?ref_=chttp_i_11,Robert Zemeckis
12,The Lord of the Rings: The Two Towers,2002,8.8,"Action Epic, Adventure Epic, Dark Fantasy",2 hours 59 minutes,https://www.imdb.com/title/tt0167261/?ref_=chttp_i_12,Peter Jackson
13,Fight Club,1999,8.8,"Psychological Drama, Psychological Thriller, Workplace Drama",2 hours 19 minutes,https://www.imdb.com/title/tt0137523/?ref_=chttp_i_13,David Fincher
14,Inception,2010,8.8,"Action Epic, Adventure Epic, Epic",2 hours 28 minutes,https://www.imdb.com/title/tt1375666/?ref_=chttp_i_14,Christopher Nolan
15,Star Wars: Episode V - The Empire Strikes Back,1980,8.7,"Action Epic, Adventure Epic, Dark Fantasy",2 hours 4 minutes,https://www.imdb.com/title/tt0080684/?ref_=chttp_i_15,Irvin Kershner
16,The Matrix,1999,8.7,"Action Epic, Artificial Intelligence, Cyberpunk",2 hours 16 minutes,https://www.imdb.com/title/tt0133093/?ref_=chttp_i_16,Lana Wachowski
17,Goodfellas,1990,8.7,"Docudrama, Gangster, True Crime",2 hours 25 minutes,https://www.imdb.com/title/tt0099685/?ref_=chttp_i_17,Martin Scorsese
18,Interstellar,2014,8.7,"Adventure Epic, Epic, Quest",2 hours 49 minutes,https://www.imdb.com/title/tt0816692/?ref_=chttp_i_18,Christopher Nolan
19,One Flew Over the Cuckoo's Nest,1975,8.7,"Medical Drama, Psychological Drama, Drama",2 hours 13 minutes,https://www.imdb.com/title/tt0073486/?ref_=chttp_i_19,Milos Forman
20,Se7en,1995,8.6,"Cop Drama, Hard-boiled Detective, Legal Drama",2 hours 7 minutes,https://www.imdb.com/title/tt0114369/?ref_=chttp_i_20,David Fincher
21,It's a Wonderful Life,1946,8.6,"Feel-Good Romance, Holiday Family, Holiday Romance",2 hours 10 minutes,https://www.imdb.com/title/tt0038650/?ref_=chttp_i_21,Frank Capra
22,The Silence of the Lambs,1991,8.6,"Police Procedural, Psychological Drama, Psychological Horror",1 hour 58 minutes,https://www.imdb.com/title/tt0102926/?ref_=chttp_i_22,Jonathan Demme
23,Seven Samurai,1954,8.6,"Action Epic, Epic, Period Drama",3 hours 27 minutes,https://www.imdb.com/title/tt0047478/?ref_=chttp_i_23,Akira Kurosawa
24,Saving Private Ryan,1998,8.6,"Epic, Period Drama, War Epic",2 hours 49 minutes,https://www.imdb.com/title/tt0120815/?ref_=chttp_i_24,Steven Spielberg
25,City of God,2002,8.6,"Caper, Coming-of-Age, Gangster",2 hours 10 minutes,https://www.imdb.com/title/tt0317248/?ref_=chttp_i_25,Fernando Meirelles
26,The Green Mile,1999,8.6,"Period Drama, Prison Drama, Supernatural Fantasy",3 hours 9 minutes,https://www.imdb.com/title/tt0120689/?ref_=chttp_i_26,Frank Darabont
27,Life Is Beautiful,1997,8.6,"Period Drama, Romantic Comedy, Tragedy",1 hour 56 minutes,https://www.imdb.com/title/tt0118799/?ref_=chttp_i_27,Roberto Benigni
28,Terminator 2: Judgment Day,1991,8.6,"Action Epic, Artificial Intelligence, Cyberpunk",2 hours 17 minutes,https://www.imdb.com/title/tt0103064/?ref_=chttp_i_28,James Cameron
29,Star Wars: Episode IV - A New Hope,1977,8.6,"Action Epic, Adventure Epic, Dystopian Sci-Fi",2 hours 1 minute,https://www.imdb.com/title/tt0076759/?ref_=chttp_i_29,George Lucas
30,Back to the Future,1985,8.5,"High-Concept Comedy, Teen Adventure, Teen Comedy",1 hour 56 minutes,https://www.imdb.com/title/tt0088763/?ref_=chttp_i_30,Robert Zemeckis
31,Spirited Away,2001,8.6,"Anime, Coming-of-Age, Fairy Tale",2 hours 4 minutes,https://www.imdb.com/title/tt0245429/?ref_=chttp_i_31,Hayao Miyazaki
32,The Pianist,2002,8.5,"Docudrama, Epic, Period Drama",2 hours 30 minutes,https://www.imdb.com/title/tt0253474/?ref_=chttp_i_32,Roman Polanski
33,Gladiator,2000,8.5,"Action Epic, Adventure Epic, Epic",2 hours 35 minutes,https://www.imdb.com/title/tt0172495/?ref_=chttp_i_33,Ridley Scott
34,Parasite,2019,8.5,"Dark Comedy, Korean Drama, Psychological Thriller",2 hours 12 minutes,https://www.imdb.com/title/tt6751668/?ref_=chttp_i_34,Bong Joon Ho
35,Psycho,1960,8.5,"Dark Comedy, Psychological Horror, Psychological Thriller",1 hour 49 minutes,https://www.imdb.com/title/tt0054215/?ref_=chttp_i_35,Alfred Hitchcock
36,The Lion King,1994,8.5,"Animal Adventure, Coming-of-Age, Hand-Drawn Animation",1 hour 28 minutes,https://www.imdb.com/title/tt0110357/?ref_=chttp_i_36,Roger Allers
37,Grave of the Fireflies,1988,8.5,"Adult Animation, Anime, Hand-Drawn Animation",1 hour 28 minutes,https://www.imdb.com/title/tt0095327/?ref_=chttp_i_37,Isao Takahata
38,The Departed,2006,8.5,"Cop Drama, Epic, Gangster",2 hours 31 minutes,https://www.imdb.com/title/tt0407887/?ref_=chttp_i_38,Martin Scorsese
39,Whiplash,2014,8.5,"Psychological Drama, Drama, Music",1 hour 46 minutes,https://www.imdb.com/title/tt2582802/?ref_=chttp_i_39,Damien Chazelle
40,Harakiri,1962,8.6,"Period Drama, Drama, Mystery",2 hours 13 minutes,https://www.imdb.com/title/tt0056058/?ref_=chttp_i_40,Masaki Kobayashi
41,American History X,1998,8.5,"Prison Drama, Tragedy, Crime",1 hour 59 minutes,https://www.imdb.com/title/tt0120586/?ref_=chttp_i_41,Tony Kaye
42,The Prestige,2006,8.5,"Period Drama, Steampunk, Tragedy",2 hours 10 minutes,https://www.imdb.com/title/tt0482571/?ref_=chttp_i_42,Christopher Nolan
43,Léon: The Professional,1994,8.5,"Gangster, One-Person Army Action, Action",1 hour 50 minutes,https://www.imdb.com/title/tt0110413/?ref_=chttp_i_43,Luc Besson
44,Spider-Man: Across the Spider-Verse,2023,8.5,"Computer Animation, Superhero, Supernatural Fantasy",2 hours 20 minutes,https://www.imdb.com/title/tt9362722/?ref_=chttp_i_44,Joaquim Dos Santos
45,Casablanca,1942,8.5,"Psychological Drama, Drama, Romance",1 hour 42 minutes,https://www.imdb.com/title/tt0034583/?ref_=chttp_i_45,Michael Curtiz
46,The Usual Suspects,1995,8.5,"Caper, Gangster, Heist",1 hour 46 minutes,https://www.imdb.com/title/tt0114814/?ref_=chttp_i_46,Bryan Singer
47,The Intouchables,2011,8.5,"Docudrama, Comedy, Drama",1 hour 52 minutes,https://www.imdb.com/title/tt1675434/?ref_=chttp_i_47,Olivier Nakache
48,Cinema Paradiso,1988,8.5,"Coming-of-Age, Drama, Romance",2 hours 54 minutes,https://www.imdb.com/title/tt0095765/?ref_=chttp_i_48,Giuseppe Tornatore
49,Alien,1979,8.5,"Alien Invasion, Cyberpunk, Monster Horror",1 hour 57 minutes,https://www.imdb.com/title/tt0078748/?ref_=chttp_i_49,Charles Chaplin
50,Modern Times,1936,8.5,"Romantic Comedy, Satire, Slapstick",1 hour 27 minutes,https://www.imdb.com/title/tt0027977/?ref_=chttp_i_50,Ridley Scott
51,Rear Window,1954,8.5,"Psychological Thriller, Suspense Mystery, Drama",1 hour 52 minutes,https://www.imdb.com/title/tt0047396/?ref_=chttp_i_51,Alfred Hitchcock
52,Once Upon a Time in the West,1968,8.5,"Desert Adventure, Epic, Spaghetti Western",2 hours 46 minutes,https://www.imdb.com/title/tt0064116/?ref_=chttp_i_52,Sergio Leone
53,Django Unchained,2012,8.5,"Dark Comedy, Epic, One-Person Army Action",2 hours 45 minutes,https://www.imdb.com/title/tt1853728/?ref_=chttp_i_53,Quentin Tarantino
54,City Lights,1931,8.5,"Feel-Good Romance, Romantic Comedy, Satire",1 hour 27 minutes,https://www.imdb.com/title/tt0021749/?ref_=chttp_i_54,Charles Chaplin
55,Apocalypse Now,1979,8.4,"Adventure Epic, Epic, Hard-boiled Detective",2 hours 27 minutes,https://www.imdb.com/title/tt0078788/?ref_=chttp_i_55,Francis Ford Coppola
56,Dune: Part Two,2024,8.5,"Action Epic, Desert Adventure, Epic",2 hours 46 minutes,https://www.imdb.com/title/tt15239678/?ref_=chttp_i_56,Denis Villeneuve
57,WALL·E,2008,8.4,"Adventure Epic, Artificial Intelligence, Computer Animation",1 hour 38 minutes,https://www.imdb.com/title/tt0910970/?ref_=chttp_i_57,Christopher Nolan
58,Memento,2000,8.4,"Psychological Thriller, Suspense Mystery, Mystery",1 hour 53 minutes,https://www.imdb.com/title/tt0209144/?ref_=chttp_i_58,Andrew Stanton
59,Raiders of the Lost Ark,1981,8.4,"Adventure Epic, Desert Adventure, Globetrotting Adventure",1 hour 55 minutes,https://www.imdb.com/title/tt0082971/?ref_=chttp_i_59,Steven Spielberg
60,The Lives of Others,2006,8.4,"Political Thriller, Psychological Drama, Spy",2 hours 17 minutes,https://www.imdb.com/title/tt0405094/?ref_=chttp_i_60,Florian Henckel von Donnersmarck
61,Avengers: Infinity War,2018,8.4,"Space Sci-Fi, Superhero, Action",2 hours 29 minutes,https://www.imdb.com/title/tt4154756/?ref_=chttp_i_61,Anthony Russo
62,Sunset Boulevard,1950,8.4,"Dark Comedy, Film Noir, Psychological Drama",1 hour 50 minutes,https://www.imdb.com/title/tt0043014/?ref_=chttp_i_62,Billy Wilder
63,Spider-Man: Into the Spider-Verse,2018,8.4,"Computer Animation, Superhero, Supernatural Fantasy",1 hour 57 minutes,https://www.imdb.com/title/tt4633694/?ref_=chttp_i_63,Bob Persichetti
64,Witness for the Prosecution,1957,8.4,"Legal Drama, Legal Thriller, Whodunnit",1 hour 56 minutes,https://www.imdb.com/title/tt0051201/?ref_=chttp_i_64,Stanley Kubrick
65,Paths of Glory,1957,8.4,"Epic, Psychological Drama, War Epic",1 hour 28 minutes,https://www.imdb.com/title/tt0050825/?ref_=chttp_i_65,Billy Wilder
66,The Shining,1980,8.4,"Psychological Drama, Psychological Horror, Supernatural Horror",2 hours 26 minutes,https://www.imdb.com/title/tt0081505/?ref_=chttp_i_66,Stanley Kubrick
67,The Great Dictator,1940,8.4,"Parody, Satire, Slapstick",2 hours 5 minutes,https://www.imdb.com/title/tt0032553/?ref_=chttp_i_67,Charles Chaplin
68,12th Fail,2023,8.8,"Docudrama, Biography, Drama",2 hours 27 minutes,https://www.imdb.com/title/tt23849204/?ref_=chttp_i_68,Vidhu Vinod Chopra
69,Aliens,1986,8.4,"Alien Invasion, Cyberpunk, Monster Horror",2 hours 17 minutes,https://www.imdb.com/title/tt0090605/?ref_=chttp_i_69,James Cameron
70,Inglourious Basterds,2009,8.4,"Dark Comedy, Period Drama, Adventure",2 hours 33 minutes,https://www.imdb.com/title/tt0361748/?ref_=chttp_i_70,Quentin Tarantino
71,The Dark Knight Rises,2012,8.4,"Action Epic, Epic, Superhero",2 hours 44 minutes,https://www.imdb.com/title/tt1345836/?ref_=chttp_i_71,Christopher Nolan
72,Coco,2017,8.4,"Computer Animation, Supernatural Fantasy, Adventure",1 hour 45 minutes,https://www.imdb.com/title/tt2380307/?ref_=chttp_i_72,Lee Unkrich
73,Amadeus,1984,8.4,"Costume Drama, Epic, Period Drama",2 hours 40 minutes,https://www.imdb.com/title/tt0086879/?ref_=chttp_i_73,Milos Forman
74,Toy Story,1995,8.3,"Buddy Comedy, Computer Animation, Supernatural Fantasy",1 hour 21 minutes,https://www.imdb.com/title/tt0114709/?ref_=chttp_i_74,John Lasseter
75,Avengers: Endgame,2019,8.4,"Space Sci-Fi, Superhero, Time Travel",3 hours 1 minute,https://www.imdb.com/title/tt4154796/?ref_=chttp_i_75,Anthony Russo
76,Good Will Hunting,1997,8.3,"Coming-of-Age, Psychological Drama, Drama",2 hours 6 minutes,https://www.imdb.com/title/tt0119217/?ref_=chttp_i_76,Gus Van Sant
77,Oldboy,2003,8.3,"Dark Comedy, One-Person Army Action, Psychological Drama",2 hours,https://www.imdb.com/title/tt0364569/?ref_=chttp_i_77,Park Chan-wook
78,Dr Strangelove or: How I Learned to Stop Worrying and Love the Bomb,1964,8.3,"Dark Comedy, Farce, Political Drama",1 hour 35 minutes,https://www.imdb.com/title/tt0057012/?ref_=chttp_i_78,Stanley Kubrick
79,Das Boot,1981,8.4,"Epic, War Epic, Drama",2 hours 29 minutes,https://www.imdb.com/title/tt0082096/?ref_=chttp_i_79,Wolfgang Petersen
80,American Beauty,1999,8.3,"Psychological Drama, Tragedy, Drama",2 hours 2 minutes,https://www.imdb.com/title/tt0169547/?ref_=chttp_i_80,Sam Mendes
81,Braveheart,1995,8.3,"Action Epic, Costume Drama, Epic",2 hours 58 minutes,https://www.imdb.com/title/tt0112573/?ref_=chttp_i_81,Mel Gibson
82,Princess Mononoke,1997,8.3,"Action Epic, Adult Animation, Adventure Epic",2 hours 13 minutes,https://www.imdb.com/title/tt0119698/?ref_=chttp_i_82,Hayao Miyazaki
83,Your Name.,2016,8.4,"Anime, Shōjo, Animation",1 hour 46 minutes,https://www.imdb.com/title/tt5311514/?ref_=chttp_i_83,Makoto Shinkai
84,High and Low,1963,8.4,"Police Procedural, Crime, Drama",2 hours 23 minutes,https://www.imdb.com/title/tt0057565/?ref_=chttp_i_84,Akira Kurosawa
85,3 Idiots,2009,8.4,"Buddy Comedy, Coming-of-Age, Quirky Comedy",2 hours 50 minutes,https://www.imdb.com/title/tt1187043/?ref_=chttp_i_85,Ertem Egilmez
86,Joker,2019,8.3,"Psychological Drama, Psychological Thriller, Tragedy",2 hours 2 minutes,https://www.imdb.com/title/tt7286456/?ref_=chttp_i_86,Rajkumar Hirani
87,Once Upon a Time in America,1984,8.3,"Dark Comedy, Epic, Gangster",3 hours 49 minutes,https://www.imdb.com/title/tt0087843/?ref_=chttp_i_87,Todd Phillips
88,Capernaum,2018,8.4,"Coming-of-Age, Legal Drama, Drama",2 hours 6 minutes,https://www.imdb.com/title/tt8267604/?ref_=chttp_i_88,Sergio Leone
89,The Chaos Class Failed the Class,1975,8.8,"Satire, Comedy",1 hour 35 minutes,https://www.imdb.com/title/tt0252488/?ref_=chttp_i_89,Nadine Labaki
90,Singin' in the Rain,1952,8.3,"Classic Musical, Feel-Good Romance, Jukebox Musical",1 hour 43 minutes,https://www.imdb.com/title/tt0045152/?ref_=chttp_i_90,Stanley Donen
91,Come and See,1985,8.3,"Epic, Period Drama, Tragedy",2 hours 22 minutes,https://www.imdb.com/title/tt0091251/?ref_=chttp_i_91,Elem Klimov
92,Requiem for a Dream,2000,8.3,"Psychological Drama, Tragedy, Drama",1 hour 42 minutes,https://www.imdb.com/title/tt0180093/?ref_=chttp_i_92,Darren Aronofsky
93,Toy Story 3,2010,8.3,"Computer Animation, Supernatural Fantasy, Urban Adventure",1 hour 43 minutes,https://www.imdb.com/title/tt0435761/?ref_=chttp_i_93,Lee Unkrich
94,Star Wars: Episode VI - Return of the Jedi,1983,8.3,"Action Epic, Adventure Epic, Dark Fantasy",2 hours 11 minutes,https://www.imdb.com/title/tt0086190/?ref_=chttp_i_94,Richard Marquand
95,The Hunt,2012,8.3,"Psychological Drama, Tragedy, Drama",1 hour 55 minutes,https://www.imdb.com/title/tt2106476/?ref_=chttp_i_95,Thomas Vinterberg
96,Ikiru,1952,8.3,"Psychological Drama, Tragedy, Drama",2 hours 23 minutes,https://www.imdb.com/title/tt0044741/?ref_=chttp_i_96,Akira Kurosawa
97,Eternal Sunshine of the Spotless Mind,2004,8.3,"Dark Romance, Psychological Drama, Drama",1 hour 48 minutes,https://www.imdb.com/title/tt0338013/?ref_=chttp_i_97,Michel Gondry
98,2001: A Space Odyssey,1968,8.3,"Adventure Epic, Artificial Intelligence, Epic",2 hours 29 minutes,https://www.imdb.com/title/tt0062622/?ref_=chttp_i_98,Stanley Kubrick
99,Reservoir Dogs,1992,8.3,"Gangster, Heist, Crime",1 hour 39 minutes,https://www.imdb.com/title/tt0105236/?ref_=chttp_i_99,Quentin Tarantino
100,The Apartment,1960,8.3,"Farce, Holiday Comedy, Holiday Romance",2 hours 5 minutes,https://www.imdb.com/title/tt0053604/?ref_=chttp_i_100,Billy Wilder
101,Incendies,2010,8.3,"Suspense Mystery, Drama, Mystery",2 hours 11 minutes,https://www.imdb.com/title/tt1255953/?ref_=chttp_i_101,Denis Villeneuve
102,Lawrence of Arabia,1962,8.3,"Adventure Epic, Desert Adventure, Epic",3 hours 47 minutes,https://www.imdb.com/title/tt0056172/?ref_=chttp_i_102,David Lean
103,Scarface,1983,8.3,"Drug Crime, Epic, Gangster",2 hours 50 minutes,https://www.imdb.com/title/tt0086250/?ref_=chttp_i_103,Brian De Palma
104,Double Indemnity,1944,8.3,"Film Noir, Hard-boiled Detective, Crime",1 hour 47 minutes,https://www.imdb.com/title/tt0036775/?ref_=chttp_i_104,Billy Wilder
105,Heat,1995,8.3,"Action Epic, Cop Drama, Epic",2 hours 50 minutes,https://www.imdb.com/title/tt0113277/?ref_=chttp_i_105,Michael Mann
106,North by Northwest,1959,8.3,"Spy, Adventure, Drama",2 hours 16 minutes,https://www.imdb.com/title/tt0053125/?ref_=chttp_i_106,Alfred Hitchcock
107,Up,2009,8.3,"Coming-of-Age, Computer Animation, Globetrotting Adventure",1 hour 36 minutes,https://www.imdb.com/title/tt1049413/?ref_=chttp_i_107,Orson Welles
108,Citizen Kane,1941,8.3,"Epic, Period Drama, Tragedy",1 hour 59 minutes,https://www.imdb.com/title/tt0033467/?ref_=chttp_i_108,Pete Docter
109,M,1931,8.3,"Psychological Thriller, Serial Killer, Suspense Mystery",1 hour 39 minutes,https://www.imdb.com/title/tt0022100/?ref_=chttp_i_109,Fritz Lang
110,Full Metal Jacket,1987,8.2,"Dark Comedy, Period Drama, Drama",1 hour 56 minutes,https://www.imdb.com/title/tt0093058/?ref_=chttp_i_110,Stanley Kubrick
111,Vertigo,1958,8.2,"Psychological Thriller, Tragedy, Mystery",2 hours 8 minutes,https://www.imdb.com/title/tt0052357/?ref_=chttp_i_111,Alfred Hitchcock
112,Amélie,2001,8.3,"Feel-Good Romance, Quirky Comedy, Romantic Comedy",2 hours 2 minutes,https://www.imdb.com/title/tt0211915/?ref_=chttp_i_112,Jean-Pierre Jeunet
113,A Separation,2011,8.3,"Legal Drama, Psychological Drama, Drama",2 hours 3 minutes,https://www.imdb.com/title/tt1832382/?ref_=chttp_i_113,Asghar Farhadi
114,To Kill a Mockingbird,1962,8.3,"Legal Drama, Period Drama, Crime",2 hours 9 minutes,https://www.imdb.com/title/tt0056592/?ref_=chttp_i_114,Robert Mulligan
115,A Clockwork Orange,1971,8.2,"Dark Comedy, Dystopian Sci-Fi, Crime",2 hours 16 minutes,https://www.imdb.com/title/tt0066921/?ref_=chttp_i_115,Stanley Kubrick
116,Like Stars on Earth,2007,8.3,"Coming-of-Age, Drama, Family",2 hours 42 minutes,https://www.imdb.com/title/tt0986264/?ref_=chttp_i_116,Aamir Khan
117,Die Hard,1988,8.2,"Disaster, One-Person Army Action, Action",2 hours 12 minutes,https://www.imdb.com/title/tt0095016/?ref_=chttp_i_117,John McTiernan
118,The Sting,1973,8.3,"Caper, Comedy, Crime",2 hours 9 minutes,https://www.imdb.com/title/tt0070735/?ref_=chttp_i_118,George Roy Hill
119,Indiana Jones and the Last Crusade,1989,8.2,"Adventure Epic, Desert Adventure, Globetrotting Adventure",2 hours 7 minutes,https://www.imdb.com/title/tt0097576/?ref_=chttp_i_119,Steven Spielberg
120,Oppenheimer,2023,8.3,"Docudrama, Epic, Historical Epic",3 hours,https://www.imdb.com/title/tt15398776/?ref_=chttp_i_120,Christopher Nolan
121,Metropolis,1927,8.3,"Dystopian Sci-Fi, Epic, Sci-Fi Epic",2 hours 33 minutes,https://www.imdb.com/title/tt0017136/?ref_=chttp_i_121,Fritz Lang
122,Snatch,2000,8.2,"Caper, Dark Comedy, Gangster",1 hour 42 minutes,https://www.imdb.com/title/tt0208092/?ref_=chttp_i_122,Guy Ritchie
123,1917,2019,8.2,"Epic, Period Drama, War Epic",1 hour 59 minutes,https://www.imdb.com/title/tt8579674/?ref_=chttp_i_123,Sam Mendes
124,L.A Confidential,1997,8.2,"Conspiracy Thriller, Cop Drama, Hard-boiled Detective",2 hours 18 minutes,https://www.imdb.com/title/tt0119488/?ref_=chttp_i_124,Curtis Hanson
125,Bicycle Thieves,1948,8.2,"Tragedy, Drama",1 hour 29 minutes,https://www.imdb.com/title/tt0040522/?ref_=chttp_i_125,Vittorio De Sica
126,Downfall,2004,8.2,"Docudrama, Political Drama, Tragedy",2 hours 36 minutes,https://www.imdb.com/title/tt0363163/?ref_=chttp_i_126,Oliver Hirschbiegel
127,Dangal,2016,8.3,"Coming-of-Age, Martial Arts, Action",2 hours 41 minutes,https://www.imdb.com/title/tt5074352/?ref_=chttp_i_127,Nitesh Tiwari
128,The Wolf of Wall Street,2013,8.2,"Dark Comedy, Docudrama, Epic",3 hours,https://www.imdb.com/title/tt0993846/?ref_=chttp_i_128,Martin Scorsese
129,Hamilton,2020,8.3,"Epic, Historical Epic, Biography",2 hours 40 minutes,https://www.imdb.com/title/tt8503618/?ref_=chttp_i_129,Martin Scorsese
130,Taxi Driver,1976,8.2,"Psychological Drama, Crime, Drama",1 hour 54 minutes,https://www.imdb.com/title/tt0075314/?ref_=chttp_i_130,Thomas Kail
131,Green Book,2018,8.2,"Docudrama, Period Drama, Road Trip",2 hours 10 minutes,https://www.imdb.com/title/tt6966692/?ref_=chttp_i_131,Peter Farrelly
132,Batman Begins,2005,8.2,"Action Epic, Epic, Superhero",2 hours 20 minutes,https://www.imdb.com/title/tt0372784/?ref_=chttp_i_132,Christopher Nolan
133,For a Few Dollars More,1965,8.2,"One-Person Army Action, Spaghetti Western, Drama",2 hours 12 minutes,https://www.imdb.com/title/tt0059578/?ref_=chttp_i_133,Sergio Leone
134,The Truman Show,1998,8.2,"Dark Comedy, High-Concept Comedy, Psychological Drama",1 hour 43 minutes,https://www.imdb.com/title/tt0120382/?ref_=chttp_i_134,Stanley Kramer
135,Judgment at Nuremberg,1961,8.3,"Legal Drama, Drama, War",2 hours 59 minutes,https://www.imdb.com/title/tt0055031/?ref_=chttp_i_135,Peter Weir
136,Some Like It Hot,1959,8.2,"Buddy Comedy, Farce, Romantic Comedy",2 hours 1 minute,https://www.imdb.com/title/tt0053291/?ref_=chttp_i_136,Billy Wilder
137,Shutter Island,2010,8.2,"Psychological Thriller, Suspense Mystery, Drama",2 hours 18 minutes,https://www.imdb.com/title/tt1130884/?ref_=chttp_i_137,Martin Scorsese
138,The Kid,1921,8.2,"Buddy Comedy, Slapstick, Comedy",1 hour 8 minutes,https://www.imdb.com/title/tt0012349/?ref_=chttp_i_138,Charles Chaplin
139,The Father,2020,8.2,"Psychological Drama, Drama, Mystery",1 hour 37 minutes,https://www.imdb.com/title/tt10272386/?ref_=chttp_i_139,Florian Zeller
140,All About Eve,1950,8.2,"Showbiz Drama, Drama",2 hours 18 minutes,https://www.imdb.com/title/tt0042192/?ref_=chttp_i_140,Joseph L. Mankiewicz
141,Jurassic Park,1993,8.2,"Dinosaur Adventure, Jungle Adventure, Action",2 hours 7 minutes,https://www.imdb.com/title/tt0107290/?ref_=chttp_i_141,Steven Spielberg
142,There Will Be Blood,2007,8.2,"Epic, Period Drama, Psychological Drama",2 hours 38 minutes,https://www.imdb.com/title/tt0469494/?ref_=chttp_i_142,Paul Thomas Anderson
143,Casino,1995,8.2,"Docudrama, Epic, Gangster",2 hours 58 minutes,https://www.imdb.com/title/tt0112641/?ref_=chttp_i_143,Martin Scorsese
144,The Sixth Sense,1999,8.2,"Psychological Drama, Psychological Thriller, Suspense Mystery",1 hour 47 minutes,https://www.imdb.com/title/tt0167404/?ref_=chttp_i_144,M. Night Shyamalan
145,Ran,1985,8.2,"Epic, Samurai, Tragedy",2 hours 40 minutes,https://www.imdb.com/title/tt0089881/?ref_=chttp_i_145,Akira Kurosawa
146,Top Gun: Maverick,2022,8.2,"Action Epic, Epic, Action",2 hours 10 minutes,https://www.imdb.com/title/tt1745960/?ref_=chttp_i_146,Joseph Kosinski
147,No Country for Old Men,2007,8.2,"Contemporary Western, Psychological Thriller, Serial Killer",2 hours 2 minutes,https://www.imdb.com/title/tt0477348/?ref_=chttp_i_147,Ethan Coen
148,The Thing,1982,8.2,"Alien Invasion, Body Horror, Monster Horror",1 hour 49 minutes,https://www.imdb.com/title/tt0084787/?ref_=chttp_i_148,John Carpenter
149,Pan's Labyrinth,2006,8.2,"Coming-of-Age, Dark Fantasy, Fairy Tale",1 hour 58 minutes,https://www.imdb.com/title/tt0457430/?ref_=chttp_i_149,Guillermo del Toro
150,Unforgiven,1992,8.2,"Period Drama, Tragedy, Drama",2 hours 10 minutes,https://www.imdb.com/title/tt0105695/?ref_=chttp_i_150,Clint Eastwood
151,A Beautiful Mind,2001,8.2,"Docudrama, Period Drama, Psychological Drama",2 hours 15 minutes,https://www.imdb.com/title/tt0268978/?ref_=chttp_i_151,Ron Howard
152,Kill Bill: Vol 1,2003,8.2,"Kung Fu, Martial Arts, One-Person Army Action",1 hour 51 minutes,https://www.imdb.com/title/tt0266697/?ref_=chttp_i_152,Quentin Tarantino
153,The Treasure of the Sierra Madre,1948,8.2,"Tragedy, Adventure, Drama",2 hours 6 minutes,https://www.imdb.com/title/tt0040897/?ref_=chttp_i_153,John Huston
154,Prisoners,2013,8.2,"Psychological Thriller, Suspense Mystery, Crime",2 hours 33 minutes,https://www.imdb.com/title/tt1392214/?ref_=chttp_i_154,Denis Villeneuve
155,Yojimbo,1961,8.2,"One-Person Army Action, Period Drama, Samurai",1 hour 50 minutes,https://www.imdb.com/title/tt0055630/?ref_=chttp_i_155,Akira Kurosawa
156,Finding Nemo,2003,8.2,"Animal Adventure, Buddy Comedy, Computer Animation",1 hour 40 minutes,https://www.imdb.com/title/tt0266543/?ref_=chttp_i_156,Andrew Stanton
157,The Great Escape,1963,8.2,"Period Drama, Prison Drama, War Epic",2 hours 52 minutes,https://www.imdb.com/title/tt0057115/?ref_=chttp_i_157,John Sturges
158,Howl's Moving Castle,2004,8.2,"Adventure Epic, Anime, Hand-Drawn Animation",1 hour 59 minutes,https://www.imdb.com/title/tt0347149/?ref_=chttp_i_158,Hayao Miyazaki
159,Monty Python and the Holy Grail,1975,8.2,"Farce, Parody, Quest",1 hour 31 minutes,https://www.imdb.com/title/tt0071853/?ref_=chttp_i_159,Terry Gilliam
160,The Elephant Man,1980,8.2,"Docudrama, Period Drama, Tragedy",2 hours 4 minutes,https://www.imdb.com/title/tt0080678/?ref_=chttp_i_160,David Lynch
161,Dial M for Murder,1954,8.2,"Crime, Drama, Mystery",1 hour 45 minutes,https://www.imdb.com/title/tt0046912/?ref_=chttp_i_161,Alfred Hitchcock
162,Gone with the Wind,1939,8.2,"Costume Drama, Epic, Period Drama",3 hours 58 minutes,https://www.imdb.com/title/tt0031381/?ref_=chttp_i_162,Victor Fleming
163,Klaus,2019,8.2,"Hand-Drawn Animation, Holiday Animation, Holiday Comedy",1 hour 36 minutes,https://www.imdb.com/title/tt4729430/?ref_=chttp_i_163,Sergio Pablos
164,Rashomon,1950,8.2,"Period Drama, Crime, Drama",1 hour 28 minutes,https://www.imdb.com/title/tt0042876/?ref_=chttp_i_164,Akira Kurosawa
165,Chinatown,1974,8.1,"Conspiracy Thriller, Hard-boiled Detective, Psychological Drama",2 hours 10 minutes,https://www.imdb.com/title/tt0071315/?ref_=chttp_i_165,Roman Polanski
166,The Secret in Their Eyes,2009,8.2,"Dark Romance, Erotic Thriller, Legal Thriller",2 hours 9 minutes,https://www.imdb.com/title/tt1305806/?ref_=chttp_i_166,Juan José Campanella
167,"Lock, Stock and Two Smoking Barrels",1998,8.1,"Dark Comedy, Farce, Gangster",1 hour 47 minutes,https://www.imdb.com/title/tt0120735/?ref_=chttp_i_167,Guy Ritchie
168,V for Vendetta,2005,8.1,"Dystopian Sci-Fi, Political Thriller, Superhero",2 hours 12 minutes,https://www.imdb.com/title/tt0434409/?ref_=chttp_i_168,James McTeigue
169,Inside Out,2015,8.1,"Coming-of-Age, Computer Animation, Adventure",1 hour 35 minutes,https://www.imdb.com/title/tt2096673/?ref_=chttp_i_169,Pete Docter
170,"Three Billboards Outside Ebbing, Missouri",2017,8.1,"Dark Comedy, Satire, Comedy",1 hour 55 minutes,https://www.imdb.com/title/tt5027774/?ref_=chttp_i_170,Martin McDonagh
171,The Bridge on the River Kwai,1957,8.1,"Jungle Adventure, War Epic, Adventure",2 hours 41 minutes,https://www.imdb.com/title/tt0050212/?ref_=chttp_i_171,David Lean
172,Trainspotting,1996,8.1,"Dark Comedy, Psychological Drama, Drama",1 hour 33 minutes,https://www.imdb.com/title/tt0117951/?ref_=chttp_i_172,Danny Boyle
173,Catch Me If You Can,2002,8.1,"Caper, Coming-of-Age, Docudrama",2 hours 21 minutes,https://www.imdb.com/title/tt0264464/?ref_=chttp_i_173,Steven Spielberg
174,Raging Bull,1980,8.1,"Boxing, Docudrama, Period Drama",2 hours 9 minutes,https://www.imdb.com/title/tt0081398/?ref_=chttp_i_174,Chris Sanders
175,The Wild Robot,2024,8.2,"Artificial Intelligence, Computer Animation, Survival",1 hour 42 minutes,https://www.imdb.com/title/tt29623480/?ref_=chttp_i_175,Martin Scorsese
176,Fargo,1996,8.1,"Cop Drama, Dark Comedy, Police Procedural",1 hour 38 minutes,https://www.imdb.com/title/tt0116282/?ref_=chttp_i_176,Joel Coen
177,Warrior,2011,8.1,"Boxing, Action, Drama",2 hours 20 minutes,https://www.imdb.com/title/tt1291584/?ref_=chttp_i_177,Gavin O'Connor
178,Harry Potter and the Deathly Hallows: Part 2,2011,8.1,"Dark Fantasy, Fantasy Epic, Teen Adventure",2 hours 10 minutes,https://www.imdb.com/title/tt1201607/?ref_=chttp_i_178,David Yates
179,Gran Torino,2008,8.1,Drama,1 hour 56 minutes,https://www.imdb.com/title/tt1205489/?ref_=chttp_i_179,Clint Eastwood
180,Million Dollar Baby,2004,8.1,"Boxing, Tragedy, Drama",2 hours 12 minutes,https://www.imdb.com/title/tt0405159/?ref_=chttp_i_180,Clint Eastwood
181,My Neighbor Totoro,1988,8.1,"Anime, Hand-Drawn Animation, Iyashikei",1 hour 26 minutes,https://www.imdb.com/title/tt0096283/?ref_=chttp_i_181,Hayao Miyazaki
182,Mad Max: Fury Road,2015,8.1,"Action Epic, Adventure Epic, Car Action",2 hours,https://www.imdb.com/title/tt1392190/?ref_=chttp_i_182,George Miller
183,Ben-Hur,1959,8.1,"Adventure Epic, Epic, Period Drama",3 hours 32 minutes,https://www.imdb.com/title/tt0052618/?ref_=chttp_i_183,William Wyler
184,Spider-Man: No Way Home,2021,8.2,"Superhero, Supernatural Fantasy, Urban Adventure",2 hours 28 minutes,https://www.imdb.com/title/tt10872600/?ref_=chttp_i_184,Jon Watts
185,Barry Lyndon,1975,8.1,"Costume Drama, Dark Comedy, Epic",3 hours 5 minutes,https://www.imdb.com/title/tt0072684/?ref_=chttp_i_185,Stanley Kubrick
186,Dead Poets Society,1989,8.1,"Coming-of-Age, Teen Drama, Comedy",2 hours 8 minutes,https://www.imdb.com/title/tt0097165/?ref_=chttp_i_186,Majid Majidi
187,Children of Heaven,1997,8.2,"Drama, Family, Sport",1 hour 29 minutes,https://www.imdb.com/title/tt0118849/?ref_=chttp_i_187,Peter Weir
188,12 Years a Slave,2013,8.1,"Costume Drama, Docudrama, Epic",2 hours 14 minutes,https://www.imdb.com/title/tt2024544/?ref_=chttp_i_188,Steve McQueen
189,Before Sunrise,1995,8.1,"Comedy, Drama, Romance",1 hour 41 minutes,https://www.imdb.com/title/tt0112471/?ref_=chttp_i_189,Richard Linklater
190,The Grand Budapest Hotel,2014,8.1,"Quirky Comedy, Comedy, Drama",1 hour 39 minutes,https://www.imdb.com/title/tt2278388/?ref_=chttp_i_190,Wes Anderson
191,Blade Runner,1982,8.1,"Artificial Intelligence, Cyber Thriller, Cyberpunk",1 hour 57 minutes,https://www.imdb.com/title/tt0083658/?ref_=chttp_i_191,Ridley Scott
192,Hacksaw Ridge,2016,8.1,"Docudrama, Epic, Period Drama",2 hours 19 minutes,https://www.imdb.com/title/tt2119532/?ref_=chttp_i_192,Mel Gibson
193,Gone Girl,2014,8.1,"Erotic Thriller, Psychological Drama, Psychological Thriller",2 hours 29 minutes,https://www.imdb.com/title/tt2267998/?ref_=chttp_i_193,David Fincher
194,Memories of Murder,2003,8.1,"Dark Comedy, Korean Drama, Police Procedural",2 hours 12 minutes,https://www.imdb.com/title/tt0353969/?ref_=chttp_i_194,Bong Joon Ho
195,Ratatouille,2007,8.1,"Animal Adventure, Computer Animation, Satire",1 hour 51 minutes,https://www.imdb.com/title/tt0382932/?ref_=chttp_i_195,Brad Bird
196,"Monsters, Inc.",2001,8.1,"Buddy Comedy, Computer Animation, Satire",1 hour 32 minutes,https://www.imdb.com/title/tt0198781/?ref_=chttp_i_196,Pete Docter
197,In the Name of the Father,1993,8.1,"Docudrama, Legal Drama, Period Drama",2 hours 13 minutes,https://www.imdb.com/title/tt0107207/?ref_=chttp_i_197,Jim Sheridan
198,How to Train Your Dragon,2010,8.1,"Computer Animation, Sword & Sorcery, Teen Fantasy",1 hour 38 minutes,https://www.imdb.com/title/tt0892769/?ref_=chttp_i_198,Charles Chaplin
199,The Gold Rush,1925,8.1,"Farce, Feel-Good Romance, Romantic Comedy",1 hour 35 minutes,https://www.imdb.com/title/tt0015864/?ref_=chttp_i_199,Dean DeBlois
200,Wild Tales,2014,8.1,"Dark Comedy, Comedy, Drama",2 hours 2 minutes,https://www.imdb.com/title/tt3011894/?ref_=chttp_i_200,Damián Szifron
201,Sherlock Jr.,1924,8.2,"Bumbling Detective, Farce, Feel-Good Romance",45 minutes,https://www.imdb.com/title/tt0015324/?ref_=chttp_i_201,Steven Spielberg
202,Jaws,1975,8.1,"Monster Horror, Sea Adventure, Survival",2 hours 4 minutes,https://www.imdb.com/title/tt0073195/?ref_=chttp_i_202,Buster Keaton
203,Mary and Max,2009,8.1,"Adult Animation, Coming-of-Age, Dark Comedy",1 hour 32 minutes,https://www.imdb.com/title/tt0978762/?ref_=chttp_i_203,Adam Elliot
204,The Deer Hunter,1978,8.1,"Epic, War Epic, Drama",3 hours 3 minutes,https://www.imdb.com/title/tt0077416/?ref_=chttp_i_204,Michael Cimino
205,Ford v Ferrari,2019,8.1,"Docudrama, Motorsport, Period Drama",2 hours 32 minutes,https://www.imdb.com/title/tt1950186/?ref_=chttp_i_205,James Mangold
206,The General,1926,8.1,"Farce, Slapstick, Action",1 hour 18 minutes,https://www.imdb.com/title/tt0017925/?ref_=chttp_i_206,Clyde Bruckman
207,The Wages of Fear,1953,8.1,"Psychological Drama, Survival, Adventure",2 hours 36 minutes,https://www.imdb.com/title/tt0046268/?ref_=chttp_i_207,Henri-Georges Clouzot
208,On the Waterfront,1954,8.1,"Legal Drama, Legal Thriller, Crime",1 hour 48 minutes,https://www.imdb.com/title/tt0047296/?ref_=chttp_i_208,Elia Kazan
209,Mr Smith Goes to Washington,1939,8.1,"Political Drama, Comedy, Drama",2 hours 9 minutes,https://www.imdb.com/title/tt0031679/?ref_=chttp_i_209,Frank Capra
210,Wild Strawberries,1957,8.1,"Psychological Drama, Drama, Romance",1 hour 32 minutes,https://www.imdb.com/title/tt0050986/?ref_=chttp_i_210,Walter Salles
211,Logan,2017,8.1,"Dystopian Sci-Fi, Road Trip, Superhero",2 hours 17 minutes,https://www.imdb.com/title/tt3315342/?ref_=chttp_i_211,Ingmar Bergman
212,Rocky,1976,8.1,"Boxing, Drama, Sport",2 hours,https://www.imdb.com/title/tt0075148/?ref_=chttp_i_212,James Mangold
213,I'm Still Here,2024,8.3,"Docudrama, Period Drama, Political Drama",2 hours 17 minutes,https://www.imdb.com/title/tt14961016/?ref_=chttp_i_213,John G. Avildsen
214,The Third Man,1949,8.1,"Film Noir, Hard-boiled Detective, Whodunnit",1 hour 44 minutes,https://www.imdb.com/title/tt0041959/?ref_=chttp_i_214,Carol Reed
215,Tokyo Story,1953,8.1,"Psychological Drama, Drama",2 hours 17 minutes,https://www.imdb.com/title/tt0046438/?ref_=chttp_i_215,Yasujirô Ozu
216,Spotlight,2015,8.1,"Docudrama, Legal Drama, Period Drama",2 hours 9 minutes,https://www.imdb.com/title/tt1895587/?ref_=chttp_i_216,Tom McCarthy
217,The Big Lebowski,1998,8.1,"Buddy Comedy, Drug Crime, Satire",1 hour 57 minutes,https://www.imdb.com/title/tt0118715/?ref_=chttp_i_217,Joel Coen
218,The Terminator,1984,8.1,"Artificial Intelligence, Cyberpunk, Dystopian Sci-Fi",1 hour 47 minutes,https://www.imdb.com/title/tt0088247/?ref_=chttp_i_218,Nithilan Saminathan
219,Maharaja,2024,8.4,"One-Person Army Action, Action, Crime",2 hours 21 minutes,https://www.imdb.com/title/tt26548265/?ref_=chttp_i_219,James Cameron
220,The Seventh Seal,1957,8.1,"Psychological Drama, Drama, Fantasy",1 hour 36 minutes,https://www.imdb.com/title/tt0050976/?ref_=chttp_i_220,Ingmar Bergman
221,Pirates of the Caribbean: The Curse of the Black Pearl,2003,8.1,"Sea Adventure, Supernatural Fantasy, Swashbuckler",2 hours 23 minutes,https://www.imdb.com/title/tt0325980/?ref_=chttp_i_221,Lenny Abrahamson
222,Room,2015,8.1,"Psychological Drama, Drama, Thriller",1 hour 58 minutes,https://www.imdb.com/title/tt3170832/?ref_=chttp_i_222,Gore Verbinski
223,La haine,1995,8.1,"Gangster, Psychological Drama, Crime",1 hour 38 minutes,https://www.imdb.com/title/tt0113247/?ref_=chttp_i_223,Mathieu Kassovitz
224,Jai Bhim,2021,8.7,"Legal Drama, Crime, Drama",2 hours 44 minutes,https://www.imdb.com/title/tt15097216/?ref_=chttp_i_224,T.J. Gnanavel
225,Hotel Rwanda,2004,8.1,"Docudrama, Epic, Biography",2 hours 1 minute,https://www.imdb.com/title/tt0395169/?ref_=chttp_i_225,Terry George
226,Platoon,1986,8.1,"Drama, War",2 hours,https://www.imdb.com/title/tt0091763/?ref_=chttp_i_226,Oliver Stone
227,Before Sunset,2004,8.1,"Feel-Good Romance, Drama, Romance",1 hour 20 minutes,https://www.imdb.com/title/tt0381681/?ref_=chttp_i_227,William Wyler
228,The Best Years of Our Lives,1946,8.1,"Epic, Feel-Good Romance, Drama",2 hours 50 minutes,https://www.imdb.com/title/tt0036868/?ref_=chttp_i_228,Richard Linklater
229,The Exorcist,1973,8.1,"Body Horror, Psychological Drama, Psychological Horror",2 hours 2 minutes,https://www.imdb.com/title/tt0070047/?ref_=chttp_i_229,Carl Theodor Dreyer
230,The Passion of Joan of Arc,1928,8.1,"Legal Drama, Period Drama, Psychological Drama",1 hour 54 minutes,https://www.imdb.com/title/tt0019254/?ref_=chttp_i_230,Victor Fleming
231,The Wizard of Oz,1939,8.1,"Adventure Epic, Classic Musical, Fairy Tale",1 hour 42 minutes,https://www.imdb.com/title/tt0032138/?ref_=chttp_i_231,Robert Wise
232,The Sound of Music,1965,8.1,"Classic Musical, Epic, Period Drama",2 hours 52 minutes,https://www.imdb.com/title/tt0059742/?ref_=chttp_i_232,Brad Bird
233,The Incredibles,2004,8.0,"Computer Animation, Superhero, Action",1 hour 55 minutes,https://www.imdb.com/title/tt0317705/?ref_=chttp_i_233,Lasse Hallström
234,Hachi: A Dog's Tale,2009,8.1,"Animal Adventure, Biography, Drama",1 hour 33 minutes,https://www.imdb.com/title/tt1028532/?ref_=chttp_i_234,Ron Howard
235,Rush,2013,8.1,"Docudrama, Motorsport, Period Drama",2 hours 3 minutes,https://www.imdb.com/title/tt1979320/?ref_=chttp_i_235,Rob Reiner
236,Stand by Me,1986,8.1,"Coming-of-Age, Dark Comedy, Quest",1 hour 29 minutes,https://www.imdb.com/title/tt0092005/?ref_=chttp_i_236,Çagan Irmak
237,My Father and My Son,2005,8.2,"Coming-of-Age, Political Drama, Drama",1 hour 52 minutes,https://www.imdb.com/title/tt0476735/?ref_=chttp_i_237,Sidney Lumet
238,Network,1976,8.1,"Dark Comedy, Workplace Drama, Drama",2 hours 1 minute,https://www.imdb.com/title/tt0074958/?ref_=chttp_i_238,Brad Bird
239,The Iron Giant,1999,8.1,"Alien Invasion, Artificial Intelligence, Hand-Drawn Animation",1 hour 26 minutes,https://www.imdb.com/title/tt0129167/?ref_=chttp_i_239,Park Chan-wook
241,Sinners,2025,8.2,"Period Drama, Supernatural Horror, Vampire Horror",2 hours 17 minutes,https://www.imdb.com/title/tt31193180/?ref_=chttp_i_241,Ernst Lubitsch
242,To Be or Not to Be,1942,8.1,"Screwball Comedy, Comedy, Romance",1 hour 39 minutes,https://www.imdb.com/title/tt0035446/?ref_=chttp_i_242,Gillo Pontecorvo
243,The Battle of Algiers,1966,8.1,"Docudrama, Political Drama, Drama",2 hours 1 minute,https://www.imdb.com/title/tt0058946/?ref_=chttp_i_243,Naoko Yamada
244,A Silent Voice: The Movie,2016,8.1,"Anime, Coming-of-Age, Psychological Drama",2 hours 10 minutes,https://www.imdb.com/title/tt5323662/?ref_=chttp_i_244,John Ford
245,The Grapes of Wrath,1940,8.1,"Period Drama, Tragedy, Drama",2 hours 9 minutes,https://www.imdb.com/title/tt0032551/?ref_=chttp_i_245,Sean Penn
246,Into the Wild,2007,8.0,"Coming-of-Age, Docudrama, Road Trip",2 hours 28 minutes,https://www.imdb.com/title/tt0758758/?ref_=chttp_i_246,Harold Ramis
247,Groundhog Day,1993,8.0,"Feel-Good Romance, High-Concept Comedy, Holiday Comedy",1 hour 41 minutes,https://www.imdb.com/title/tt0107048/?ref_=chttp_i_247,Tate Taylor
248,The Help,2011,8.1,"Period Drama, Drama",2 hours 26 minutes,https://www.imdb.com/title/tt1454029/?ref_=chttp_i_248,Alejandro G. Iñárritu
249,Amores Perros,2000,8.0,"Tragedy, Drama, Thriller",2 hours 34 minutes,https://www.imdb.com/title/tt0245712/?ref_=chttp_i_249,Alfred Hitchcock
250,Rebecca,1940,8.1,"Dark Romance, Psychological Drama, Psychological Thriller",2 hours 10 minutes,https://www.imdb.com/title/tt0032976/?ref_=chttp_i_250,Anurag Kashyap